Review_ID,Customer_Name,Email,Feedback
1001,John Smith,john.smith@gmail.com,I LOVE this product!!! It works PERFECTLY 😊. Visit https://example.com for more info!
1002,Emily Davis,emily@gmail.com,<div>Amazing quality!!!</div> I am VERY happy with my purchase 😍😍
1003,Jessica Taylor,jessica@gmail.com,"Fast delivery, great packaging, and excellent customer support!!!"
1004,Jennifer Thomas,jennifer@gmail.com,<h1>Perfect Product</h1> Exceeded all my expectations!!! ❤️
1005,Linda White,linda@hotmail.com,So happy I bought this!!! Best decision EVER 😊😊😊
1006,Patricia Martin,patricia@yahoo.com,Great product for the price. I am REALLY happy with it!!!
1007,Barbara Garcia,barbara@gmail.com,<p>Loved the sleek design</p> and amazing functionality!!!
1008,Daniel Martinez,daniel@gmail.com,Would buy again!!! Highly recommended to everyone.
1009,Margaret Rodriguez,margaret@gmail.com,Fantastic!!! I will tell ALL my friends about it 😍
1010,Karen Young,karen@hotmail.com,Excellent service!!! Very professional and friendly staff 😊
1011,Betty King,betty@yahoo.com,Good product!!! Good price!!! Good experience!!!
1012,Helen Lopez,helen@gmail.com,<b>Wonderful experience!</b> I will definitely purchase again.
1013,Michelle Roberts,michelle@gmail.com,Excellent quality and beautiful design!!! ❤️
1014,Carol Phillips,carol@gmail.com,<p>Great experience!!!</p> The support team was fantastic.
1015,Amanda Parker,amanda@gmail.com,I am happy with the purchase. Delivery was quick.
1016,Melissa Edwards,melissa@hotmail.com,Absolutely fantastic product!!! Highly recommended 😊
1017,Jeffrey Sanchez,jeffrey@gmail.com,Great value for money!!! I am very satisfied.
1018,Ryan Rogers,ryan@hotmail.com,Wonderful product!!! I am extremely happy with it.
1019,Joshua Green,joshua@yahoo.com,I absolutely LOVE the quality!!! 10/10 👍
1020,Kimberly Nelson,kimberly@hotmail.com,Amazing!!! Amazing!!! Amazing!!! I love this product.
1021,Robert Moore,robert.moore@gmail.com,The product quality is excellent and the delivery was super fast!!!
1022,Laura Taylor,laura.taylor@yahoo.com,I am extremely satisfied with this purchase 😊. Check https://shop.com
1023,Thomas Anderson,thomas@gmail.com,<div>Brilliant product!</div> It performs better than expected.
1024,Sophia Jackson,sophia@gmail.com,Five stars!!! Excellent product and amazing customer support!!!
1025,Charles White,charles@yahoo.com,I couldn't be happier with this purchase!!!
1026,Mary Harris,mary@gmail.com,Very impressive quality!!! Totally worth the money.
1027,Christopher Martin,christopher@gmail.com,The product arrived early and was packed beautifully!!!
1028,Susan Thompson,susan@yahoo.com,Superb experience!!! Everything went smoothly 😊
1029,Matthew Garcia,matthew@gmail.com,I highly recommend this product to everyone!!!
1030,Nancy Martinez,nancy@gmail.com,Excellent purchase!!! I am completely satisfied.
1031,Anthony Robinson,anthony@gmail.com,The quality is outstanding!!! Great job by the entire team.
1032,Lisa Clark,lisa@yahoo.com,Very happy with the service and product quality 😊
1033,Mark Lewis,mark@gmail.com,Fantastic quality and very quick delivery!!!
1034,Sandra Lee,sandra@gmail.com,I LOVE everything about this product!!!
1035,Donald Walker,donald@yahoo.com,<span>Excellent product!</span> It is exactly what I wanted.
1036,Ashley Hall,ashley@gmail.com,Great customer service!!! They solved my issue immediately.
1037,Steven Allen,steven@gmail.com,Very pleased with the purchase. Excellent value for money.
1038,Dorothy Young,dorothy@yahoo.com,Amazing experience!!! Will definitely purchase again.
1039,Paul Hernandez,paul@gmail.com,The product is fantastic and works flawlessly!!!
1040,Sarah King,sarah@gmail.com,I am so impressed with the quality and design 😍
1041,George Wright,george@yahoo.com,Excellent!!! The product exceeded my expectations.
1042,Rebecca Lopez,rebecca@gmail.com,Fast shipping and wonderful product!!!
1043,Kenneth Hill,kenneth@gmail.com,Absolutely LOVE it!!! I will recommend it to my friends.
1044,Laura Scott,laura@yahoo.com,The product is perfect for my needs. Very satisfied.
1045,Brian Green,brian@gmail.com,Amazing customer service and excellent product quality.
1046,Ashley Adams,ashley@gmail.com,Best purchase I have made this year!!! 😊
1047,Edward Baker,edward@yahoo.com,"Great design, great quality, and great performance!!!"
1048,Kimberly Nelson,kimberly@gmail.com,I am very happy with this product. Highly recommended.
1049,Jason Carter,jason@gmail.com,Super fast delivery!!! Product is exactly as described.
1050,Rebecca Reed,rebecca@gmail.com,Wonderful experience from start to finish!!!
1051,Sarah Williams,sarah@gmail.com,<p>Terrible experience!!!</p> The product stopped working after 2 days. NOT recommended!!!
1052,Michael Wilson,michael@hotmail.com,Worst product EVER!!! Completely useless & a total waste of money!!!
1053,Robert Anderson,robert@yahoo.com,The item doesn't work at all!!! I am extremely disappointed.
1054,William Jackson,william@gmail.com,The colors are dull & lifeless... not happy with this purchase.
1055,James Harris,james@gmail.com,The item was delivered LATE and DAMAGED!!! Very disappointing.
1056,Christopher Thompson,chris@gmail.com,Cheap material!!! Definitely NOT worth the money.
1057,Susan Robinson,susan@yahoo.com,The customer service was unhelpful and rude!!!
1058,Nancy Hall,nancy@gmail.com,HORRIBLE!!! The product broke immediately after opening the box.
1059,Andrew Hill,andrew@hotmail.com,Waste of money!!! Don't buy this product!!!
1060,Ashley Adams,ashley@gmail.com,Very bad experience!!! Customer support did NOT help me.
1061,George Carter,george@gmail.com,The product is broken!!! I want a refund immediately!!!
1062,Edward Perez,edward@gmail.com,I can't recommend this product. Very disappointing.
1063,Kevin Evans,kevin@gmail.com,NOT good!!! The product quality is extremely poor.
1064,Ronald Campbell,ronald@yahoo.com,Terrible quality!!! Completely disappointed!!!
1065,Deborah Stewart,deborah@yahoo.com,Very disappointing!!! I expected MUCH better quality.
1066,Stephanie Morris,stephanie@gmail.com,The item doesn't look like the picture. Very misleading.
1067,David Brown,david@yahoo.com,I regret buying this product. It is absolutely terrible.
1068,Emily Wilson,emily.wilson@gmail.com,The quality is awful!!! Completely dissatisfied.
1069,Richard Moore,richard@gmail.com,Terrible service!!! Nobody responded to my emails.
1070,Jessica Taylor,jessica@yahoo.com,The product arrived broken and damaged. Very poor packaging!!!
1071,John Davis,john.davis@gmail.com,<div>Awful product!!!</div> It stopped working within one week.
1072,Mary Anderson,mary.anderson@gmail.com,I am extremely disappointed!!! This was a complete waste of money.
1073,Daniel Thomas,daniel@yahoo.com,Poor quality and terrible customer support!!!
1074,Jennifer Moore,jennifer@gmail.com,The delivery was extremely late and the package was damaged.
1075,Matthew Martin,matthew@gmail.com,NOT worth the price!!! Very cheap materials.
1076,Linda Thompson,linda@gmail.com,I expected much better. This product is disappointing.
1077,James Garcia,james@yahoo.com,Worst customer service ever!!! Nobody helped me.
1078,Patricia Martinez,patricia@gmail.com,The item is completely useless!!! Do NOT buy it.
1079,Mark Robinson,mark.robinson@gmail.com,Very poor experience from beginning to end.
1080,Barbara Clark,barbara@yahoo.com,The product is defective and the company refuses to help.
1081,Steven Lewis,steven@gmail.com,Terrible!!! I will NEVER purchase from this company again.
1082,Karen Lee,karen@gmail.com,The product looks cheap and feels poorly made.
1083,Paul Walker,paul@yahoo.com,Completely disappointed with the quality!!!
1084,Nancy Young,nancy@gmail.com,"The service was slow, unhelpful, and frustrating."
1085,Anthony Hall,anthony@gmail.com,I am NOT happy with this purchase at all.
1086,Sandra Allen,sandra@yahoo.com,The product stopped working suddenly. Very frustrating!!!
1087,Kenneth King,kenneth@gmail.com,Bad quality!!! Definitely not recommended.
1088,Lisa Wright,lisa@gmail.com,The item was nothing like the description. Very misleading!!!
1089,George Lopez,george@gmail.com,Horrible experience!!! I want my money back.
1090,Betty Hill,betty@yahoo.com,The delivery was late and customer support was useless.
1091,Donald Scott,donald@gmail.com,Extremely poor product quality!!!
1092,Amanda Green,amanda@gmail.com,I am deeply disappointed. Would NOT recommend.
1093,Joshua Adams,joshua@yahoo.com,This product is a complete failure!!!
1094,Helen Baker,helen@gmail.com,Terrible packaging!!! The product arrived damaged.
1095,Matthew Carter,matthew@yahoo.com,Not satisfied at all. Very poor experience.
1096,Carol Perez,carol@gmail.com,The company did not respond to my complaint.
1097,Ryan Roberts,ryan@gmail.com,Awful quality and extremely disappointing service.
1098,Michelle Turner,michelle@yahoo.com,I will never buy this product again!!!
1099,Brian Phillips,brian@gmail.com,Completely useless product. Don't waste your money.
1100,Laura Campbell,laura@gmail.com,Very unhappy with this purchase!!!
1101,David Allen,david.allen@gmail.com,The product is okay... nothing special. You can check https://product.com
1102,Mark Young,mark.young@yahoo.com,The delivery was on time. The product is average.
1103,Kenneth Baker,kenneth@gmail.com,It works as expected. Nothing extraordinary.
1104,Brian Turner,brian@hotmail.com,The product is neither good nor bad. Just average.
1105,Jason Collins,jason@gmail.com,The product arrived today. The box was sealed.
1106,Rebecca Reed,rebecca@gmail.com,The product is okay. I may or may not buy it again.
1107,Paul Wright,paul@gmail.com,"The packaging was damaged, but the product itself is okay."
1108,Sandra Scott,sandra@gmail.com,The product arrived yesterday. I haven't used it yet.
1109,Matthew Clark,matthew@gmail.com,It's a decent product for its price... nothing more.
1110,Carol Phillips,carol@gmail.com,The delivery was average and the product is acceptable.
1111,Thomas Harris,thomas@gmail.com,The item looks exactly as described.
1112,Sophia Martin,sophia@gmail.com,The product arrived on time and was properly packed.
1113,Charles Garcia,charles@gmail.com,It does what it is supposed to do.
1114,Mary Robinson,mary@gmail.com,I have used the product once so far. It seems okay.
1115,Andrew Clark,andrew@gmail.com,The quality is acceptable for the price.
1116,Dorothy Lewis,dorothy@yahoo.com,Nothing particularly impressive or disappointing about it.
1117,Richard Lee,richard@gmail.com,The product is fairly standard and works normally.
1118,Laura Walker,laura@gmail.com,"Delivery took a few days, which was expected."
1119,George Hall,george@gmail.com,"The item is fine, but I have not tested all features."
1120,Susan Young,susan@gmail.com,"Overall, it is an average experience."
1121,Michael King,michael@gmail.com,The product is reasonably priced and performs normally.
1122,Jennifer Wright,jennifer@yahoo.com,I received the item yesterday. I am still evaluating it.
1123,Robert Lopez,robert@gmail.com,The product seems fine so far. Nothing unusual.
1124,Emily Hill,emily@gmail.com,The delivery was neither fast nor slow.
1125,James Scott,james@gmail.com,The product is suitable for basic usage.
1126,Patricia Green,patricia@yahoo.com,It is an average product for the given price.
1127,Daniel Adams,daniel@gmail.com,I haven't used it enough to give a strong opinion.
1128,Nancy Baker,nancy@gmail.com,The packaging was normal and the product was intact.
1129,Christopher Carter,christopher@gmail.com,"The item works, although it has limited features."
1130,Barbara Perez,barbara@yahoo.com,"The product is acceptable, but there is room for improvement."
1131,Steven Roberts,steven@gmail.com,The delivery time was reasonable.
1132,Karen Turner,karen@gmail.com,The product works normally after a few days of use.
1133,Anthony Phillips,anthony@yahoo.com,It is neither impressive nor disappointing.
1134,Lisa Campbell,lisa@gmail.com,The item is okay for occasional use.
1135,Donald Evans,donald@gmail.com,The product arrived in good condition and works.
1136,Ashley Edwards,ashley@yahoo.com,The service was acceptable and the delivery was normal.
1137,Joshua Collins,joshua@gmail.com,I have no major complaints about the product.
1138,Helen Stewart,helen@gmail.com,The product meets the basic requirements.
1139,Kevin Sanchez,kevin@yahoo.com,The quality is okay considering the price.
1140,Melissa Morris,melissa@gmail.com,The item was delivered as expected.
1141,Jeffrey Rogers,jeffrey@gmail.com,"The product is functional, but not exceptional."
1142,Stephanie Reed,stephanie@yahoo.com,The overall experience was fairly normal.
1143,Ryan Cook,ryan@gmail.com,The product is usable and performs its basic function.
1144,Amanda Morgan,amanda@gmail.com,Nothing much to say. It is an average product.
1145,Jason Bell,jason@yahoo.com,The item arrived on time and appears to be fine.
1146,Michelle Murphy,michelle@gmail.com,"I am still testing the product, so I cannot say much yet."
1147,Brian Bailey,brian@gmail.com,"The product is reasonably good, but not outstanding."
1148,Kimberly Rivera,kimberly@yahoo.com,The product is okay for its intended purpose.
1149,Edward Cooper,edward@gmail.com,The delivery and packaging were both satisfactory.
1150,Sarah Richardson,sarah@gmail.com,It is a standard product with standard performance.
1151,John Cox,john.cox@gmail.com,The item was received today. I will test it later.
1152,Mary Howard,mary.howard@yahoo.com,"The product is fine, although the design could be improved."
1153,William Ward,william@gmail.com,The product performs as expected for the price.
1154,Linda Torres,linda@gmail.com,The experience was okay overall. Nothing remarkable.
1155,Mark Peterson,mark@gmail.com,I received what I ordered. Everything seems normal.
1156,Jennifer Gray,jennifer.gray@yahoo.com,The product is average and suitable for basic needs.
1157,Robert Ramirez,robert@gmail.com,The item was delivered without any major issues.
1158,Emily James,emily.james@gmail.com,I have not used the product long enough to judge it.
1159,David Watson,david@gmail.com,The quality is neither excellent nor poor.
1160,Jessica Brooks,jessica@yahoo.com,The product is acceptable for the amount paid.
1161,Michael Kelly,michael@gmail.com,The delivery was normal and the product works.
1162,Sarah Sanders,sarah@gmail.com,It is a basic product with average performance.
1163,James Price,james@yahoo.com,The product seems to be working as described.
1164,Patricia Bennett,patricia@gmail.com,No major issues so far. I will continue using it.
1165,Daniel Wood,daniel@gmail.com,The product arrived in acceptable condition.
1166,Laura Barnes,laura@yahoo.com,It is an ordinary product with ordinary features.
1167,Christopher Ross,christopher@gmail.com,"The product is okay, although I expected a little more."
1168,Nancy Henderson,nancy@gmail.com,The item works properly but does not stand out.
1169,Anthony Coleman,anthony@yahoo.com,The product is usable and reasonably priced.
1170,Susan Jenkins,susan@gmail.com,The overall experience was neither good nor bad.
1171,Matthew Perry,matthew@gmail.com,The item arrived as expected. I have no strong opinion.
1172,Barbara Powell,barbara@yahoo.com,The product is suitable for simple everyday use.
1173,George Long,george@gmail.com,The packaging was fine and the product appears functional.
1174,Karen Patterson,karen@gmail.com,The quality is acceptable but could be better.
1175,Steven Hughes,steven@yahoo.com,"The product does its job, nothing more."
1176,Lisa Flores,lisa@gmail.com,The delivery was reasonable and the item was intact.
1177,Paul Washington,paul@yahoo.com,I am still deciding whether I like this product.
1178,Helen Butler,helen@gmail.com,The product is average but useful for basic tasks.
1179,Andrew Simmons,andrew@gmail.com,The item arrived without problems and works normally.
1180,Carol Foster,carol@yahoo.com,The product is okay. Nothing particularly impressive.
